INSERT INTO student(student_id, enrollment_id, section_id, given_name, surname, student_email) VALUES
(1000000, 2000000, 31, "Aaron", "Campbell", "s1000000@example.edu"),
(1000001, 2000001, 31, "Mark", "Anderson", "s1000001@example.edu"),
(1000002, 2000002, 32, "Alexander", "Gray", "s1000002@example.edu"),
(1000003, 2000003, 32, "Betty", "Guzman", "s1000003@example.edu"),
(1000004, 2000004, 31, "Maria", "Lewis", "s1000004@example.edu"),
(1000005, 2000005, 32, "Raymond", "Rivera", "s1000005@example.edu"),
(1000006, 2000006, 31, "Thomas", "Davis", "s1000006@example.edu"),
(1000007, 2000007, 31, "Brenda", "Sanders", "s1000007@example.edu"),
(1000008, 2000008, 31, "David", "Watson", "s1000008@example.edu"),
(1000009, 2000009, 31, "Tyler", "Hall", "s1000009@example.edu"),
(1000010, 2000010, 31, "Melissa", "Parker", "s1000010@example.edu"),
(1000011, 2000011, 31, "Sharon", "Cooper", "s1000011@example.edu"),
(1000012, 2000012, 31, "Anna", "Miller", "s1000012@example.edu"),
(1000013, 2000013, 31, "Ruth", "Robinson", "s1000013@example.edu"),
(1000014, 2000014, 31, "Timothy", "Hughes", "s1000014@example.edu"),
(1000015, 2000015, 31, "Gregory", "Morris", "s1000015@example.edu"),
(1000016, 2000016, 31, "Stephanie", "Flores", "s1000016@example.edu"),
(1000017, 2000017, 32, "Patricia", "Lane", "s1000017@example.edu"),
(1000018, 2000018, 31, "Pamela", "Walker", "s1000018@example.edu"),
(1000019, 2000019, 32, "Joshua", "Morris", "s1000019@example.edu"),
(1000020, 2000020, 31, "Jerry", "Moore", "s1000020@example.edu"),
(1000021, 2000021, 32, "Maria", "Reed", "s1000021@example.edu"),
(1000022, 2000022, 32, "Douglas", "Anderson", "s1000022@example.edu"),
(1000023, 2000023, 31, "Robert", "Cooper", "s1000023@example.edu"),
(1000024, 2000024, 32, "Patricia", "Parker", "s1000024@example.edu"),
(1000025, 2000025, 31, "Ryan", "Ward", "s1000025@example.edu"),
(1000026, 2000026, 32, "Rebecca", "Hall", "s1000026@example.edu"),
(1000027, 2000027, 32, "Joshua", "Moore", "s1000027@example.edu"),
(1000028, 2000028, 31, "Kevin", "Watson", "s1000028@example.edu"),
(1000029, 2000029, 32, "Melissa", "Williams", "s1000029@example.edu");

INSERT INTO teacher(teacher_id, given_name, surname, email, phone_number) VALUES
(4000000, "Catherine", "Edwards", "t4000000_personal@example.com", 09775572947),
(4000001, "Jonathan", "Harrison", "t4000001_personal@example.com", 09830389497),
(4000002, "Brandon", "Torres", "t4000002_personal@example.com", 09895417453),
(4000003, "Cynthia", "Johnson", "t4000003_personal@example.com", 09390599359),
(4000004, "Nicholas", "Guzman", "t4000004_personal@example.com", 09352620036);

INSERT INTO course(course_id, teacher_id, section_id, title) VALUES
(5000000, 4000000, 3000002, "Math"),
(5000001, 4000001, 3000002, "Science"),
(5000002, 4000002, 3000002, "English"),
(5000003, 4000003, 3000002, "Programming"),
(5000004, 4000004, 3000001, "DBMS");

INSERT INTO section(section_id, max_capacity) VALUES
(3000000, 45),
(3000001, 35);

INSERT INTO enrollment(enrollment_id, year_enrolled, grade_level) VALUES
(2000000, 2025, 1),
(2000001, 2025, 1),
(2000002, 2025, 1),
(2000003, 2025, 1),
(2000004, 2025, 1),
(2000005, 2025, 1),
(2000006, 2025, 1),
(2000007, 2025, 1),
(2000008, 2025, 1),
(2000009, 2025, 1),
(2000010, 2025, 1),
(2000011, 2025, 1),
(2000012, 2025, 1),
(2000013, 2025, 1),
(2000014, 2025, 1),
(2000015, 2025, 1),
(2000016, 2025, 1),
(2000017, 2025, 1),
(2000018, 2025, 1),
(2000019, 2025, 1),
(2000020, 2025, 1),
(2000021, 2025, 1),
(2000022, 2025, 1),
(2000023, 2025, 1),
(2000024, 2025, 1),
(2000025, 2025, 1),
(2000026, 2025, 1),
(2000027, 2025, 1),
(2000028, 2025, 1),
(2000029, 2025, 1);

INSERT INTO assessment(assessment_id, assessment_title, course_id, weighted_percent, max_score) VALUES
(8000000, "Midterms Assessment", 5000000, 40, 100),
(8000001, "Finals Assessment", 5000000, 40, 100),
(8000002, "Assessment 1", 5000000, 20, 100),
(8000003, "Midterms Assessment", 5000001, 40, 100),
(8000004, "Finals Assessment", 5000001, 40, 100),
(8000005, "Assessment 1", 5000001, 20, 100),
(8000006, "Midterms Assessment", 5000002, 40, 100),
(8000007, "Finals Assessment", 5000002, 40, 100),
(8000008, "Assessment 1", 5000002, 20, 100),
(8000009, "Midterms Assessment", 5000003, 40, 100),
(8000010, "Finals Assessment", 5000003, 40, 100),
(8000011, "Assessment 1", 5000003, 20, 100),
(8000012, "Midterms Assessment", 5000004, 40, 100),
(8000013, "Finals Assessment", 5000004, 40, 100),
(8000014, "Assessment 1", 5000004, 20, 100);

INSERT INTO score(score_id, student_id, assessment_id, score) VALUES
(9000000, 1000000, 8000000, 77.0),
(9000001, 1000000, 8000001, 89.0),
(9000002, 1000000, 8000002, 81.0),
(9000003, 1000000, 8000003, 79.0),
(9000004, 1000000, 8000004, 96.0),
(9000005, 1000000, 8000005, 91.0),
(9000006, 1000000, 8000006, 93.0),
(9000007, 1000000, 8000007, 86.0),
(9000008, 1000000, 8000008, 99.0),
(9000009, 1000000, 8000009, 95.0),
(9000010, 1000000, 8000010, 77.0),
(9000011, 1000000, 8000011, 81.0),
(9000012, 1000000, 8000012, 81.0),
(9000013, 1000000, 8000013, 93.0),
(9000014, 1000000, 8000014, 87.0),
(9000015, 1000001, 8000000, 97.0),
(9000016, 1000001, 8000001, 80.0),
(9000017, 1000001, 8000002, 77.0),
(9000018, 1000001, 8000003, 81.0),
(9000019, 1000001, 8000004, 95.0),
(9000020, 1000001, 8000005, 91.0),
(9000021, 1000001, 8000006, 79.0),
(9000022, 1000001, 8000007, 85.0),
(9000023, 1000001, 8000008, 91.0),
(9000024, 1000001, 8000009, 91.0),
(9000025, 1000001, 8000010, 94.0),
(9000026, 1000001, 8000011, 96.0),
(9000027, 1000001, 8000012, 95.0),
(9000028, 1000001, 8000013, 91.0),
(9000029, 1000001, 8000014, 81.0),
(9000030, 1000002, 8000000, 100.0),
(9000031, 1000002, 8000001, 98.0),
(9000032, 1000002, 8000002, 97.0),
(9000033, 1000002, 8000003, 96.0),
(9000034, 1000002, 8000004, 86.0),
(9000035, 1000002, 8000005, 88.0),
(9000036, 1000002, 8000006, 79.0),
(9000037, 1000002, 8000007, 78.0),
(9000038, 1000002, 8000008, 80.0),
(9000039, 1000002, 8000009, 95.0),
(9000040, 1000002, 8000010, 80.0),
(9000041, 1000002, 8000011, 100.0),
(9000042, 1000002, 8000012, 94.0),
(9000043, 1000002, 8000013, 100.0),
(9000044, 1000002, 8000014, 91.0),
(9000045, 1000003, 8000000, 81.0),
(9000046, 1000003, 8000001, 80.0),
(9000047, 1000003, 8000002, 86.0),
(9000048, 1000003, 8000003, 99.0),
(9000049, 1000003, 8000004, 94.0),
(9000050, 1000003, 8000005, 100.0),
(9000051, 1000003, 8000006, 99.0),
(9000052, 1000003, 8000007, 95.0),
(9000053, 1000003, 8000008, 78.0),
(9000054, 1000003, 8000009, 99.0),
(9000055, 1000003, 8000010, 78.0),
(9000056, 1000003, 8000011, 92.0),
(9000057, 1000003, 8000012, 83.0),
(9000058, 1000003, 8000013, 95.0),
(9000059, 1000003, 8000014, 87.0),
(9000060, 1000004, 8000000, 82.0),
(9000061, 1000004, 8000001, 86.0),
(9000062, 1000004, 8000002, 77.0),
(9000063, 1000004, 8000003, 92.0),
(9000064, 1000004, 8000004, 87.0),
(9000065, 1000004, 8000005, 91.0),
(9000066, 1000004, 8000006, 83.0),
(9000067, 1000004, 8000007, 85.0),
(9000068, 1000004, 8000008, 84.0),
(9000069, 1000004, 8000009, 82.0),
(9000070, 1000004, 8000010, 100.0),
(9000071, 1000004, 8000011, 92.0),
(9000072, 1000004, 8000012, 95.0),
(9000073, 1000004, 8000013, 80.0),
(9000074, 1000004, 8000014, 84.0),
(9000075, 1000005, 8000000, 77.0),
(9000076, 1000005, 8000001, 91.0),
(9000077, 1000005, 8000002, 86.0),
(9000078, 1000005, 8000003, 97.0),
(9000079, 1000005, 8000004, 97.0),
(9000080, 1000005, 8000005, 78.0),
(9000081, 1000005, 8000006, 85.0),
(9000082, 1000005, 8000007, 95.0),
(9000083, 1000005, 8000008, 83.0),
(9000084, 1000005, 8000009, 94.0),
(9000085, 1000005, 8000010, 91.0),
(9000086, 1000005, 8000011, 78.0),
(9000087, 1000005, 8000012, 83.0),
(9000088, 1000005, 8000013, 98.0),
(9000089, 1000005, 8000014, 92.0),
(9000090, 1000006, 8000000, 81.0),
(9000091, 1000006, 8000001, 79.0),
(9000092, 1000006, 8000002, 80.0),
(9000093, 1000006, 8000003, 78.0),
(9000094, 1000006, 8000004, 85.0),
(9000095, 1000006, 8000005, 98.0),
(9000096, 1000006, 8000006, 78.0),
(9000097, 1000006, 8000007, 100.0),
(9000098, 1000006, 8000008, 98.0),
(9000099, 1000006, 8000009, 81.0),
(9000100, 1000006, 8000010, 95.0),
(9000101, 1000006, 8000011, 79.0),
(9000102, 1000006, 8000012, 83.0),
(9000103, 1000006, 8000013, 90.0),
(9000104, 1000006, 8000014, 97.0),
(9000105, 1000007, 8000000, 92.0),
(9000106, 1000007, 8000001, 94.0),
(9000107, 1000007, 8000002, 80.0),
(9000108, 1000007, 8000003, 90.0),
(9000109, 1000007, 8000004, 77.0),
(9000110, 1000007, 8000005, 79.0),
(9000111, 1000007, 8000006, 90.0),
(9000112, 1000007, 8000007, 93.0),
(9000113, 1000007, 8000008, 79.0),
(9000114, 1000007, 8000009, 95.0),
(9000115, 1000007, 8000010, 89.0),
(9000116, 1000007, 8000011, 96.0),
(9000117, 1000007, 8000012, 81.0),
(9000118, 1000007, 8000013, 84.0),
(9000119, 1000007, 8000014, 90.0),
(9000120, 1000008, 8000000, 87.0),
(9000121, 1000008, 8000001, 85.0),
(9000122, 1000008, 8000002, 92.0),
(9000123, 1000008, 8000003, 81.0),
(9000124, 1000008, 8000004, 78.0),
(9000125, 1000008, 8000005, 80.0),
(9000126, 1000008, 8000006, 79.0),
(9000127, 1000008, 8000007, 79.0),
(9000128, 1000008, 8000008, 79.0),
(9000129, 1000008, 8000009, 99.0),
(9000130, 1000008, 8000010, 81.0),
(9000131, 1000008, 8000011, 100.0),
(9000132, 1000008, 8000012, 94.0),
(9000133, 1000008, 8000013, 91.0),
(9000134, 1000008, 8000014, 88.0),
(9000135, 1000009, 8000000, 83.0),
(9000136, 1000009, 8000001, 93.0),
(9000137, 1000009, 8000002, 91.0),
(9000138, 1000009, 8000003, 79.0),
(9000139, 1000009, 8000004, 88.0),
(9000140, 1000009, 8000005, 87.0),
(9000141, 1000009, 8000006, 80.0),
(9000142, 1000009, 8000007, 87.0),
(9000143, 1000009, 8000008, 86.0),
(9000144, 1000009, 8000009, 88.0),
(9000145, 1000009, 8000010, 81.0),
(9000146, 1000009, 8000011, 86.0),
(9000147, 1000009, 8000012, 98.0),
(9000148, 1000009, 8000013, 84.0),
(9000149, 1000009, 8000014, 88.0),
(9000150, 1000010, 8000000, 80.0),
(9000151, 1000010, 8000001, 96.0),
(9000152, 1000010, 8000002, 98.0),
(9000153, 1000010, 8000003, 77.0),
(9000154, 1000010, 8000004, 83.0),
(9000155, 1000010, 8000005, 95.0),
(9000156, 1000010, 8000006, 94.0),
(9000157, 1000010, 8000007, 93.0),
(9000158, 1000010, 8000008, 83.0),
(9000159, 1000010, 8000009, 78.0),
(9000160, 1000010, 8000010, 99.0),
(9000161, 1000010, 8000011, 79.0),
(9000162, 1000010, 8000012, 85.0),
(9000163, 1000010, 8000013, 97.0),
(9000164, 1000010, 8000014, 94.0),
(9000165, 1000011, 8000000, 87.0),
(9000166, 1000011, 8000001, 92.0),
(9000167, 1000011, 8000002, 89.0),
(9000168, 1000011, 8000003, 93.0),
(9000169, 1000011, 8000004, 92.0),
(9000170, 1000011, 8000005, 98.0),
(9000171, 1000011, 8000006, 87.0),
(9000172, 1000011, 8000007, 80.0),
(9000173, 1000011, 8000008, 98.0),
(9000174, 1000011, 8000009, 79.0),
(9000175, 1000011, 8000010, 98.0),
(9000176, 1000011, 8000011, 79.0),
(9000177, 1000011, 8000012, 91.0),
(9000178, 1000011, 8000013, 96.0),
(9000179, 1000011, 8000014, 82.0),
(9000180, 1000012, 8000000, 79.0),
(9000181, 1000012, 8000001, 83.0),
(9000182, 1000012, 8000002, 87.0),
(9000183, 1000012, 8000003, 93.0),
(9000184, 1000012, 8000004, 79.0),
(9000185, 1000012, 8000005, 98.0),
(9000186, 1000012, 8000006, 96.0),
(9000187, 1000012, 8000007, 89.0),
(9000188, 1000012, 8000008, 80.0),
(9000189, 1000012, 8000009, 93.0),
(9000190, 1000012, 8000010, 87.0),
(9000191, 1000012, 8000011, 86.0),
(9000192, 1000012, 8000012, 100.0),
(9000193, 1000012, 8000013, 78.0),
(9000194, 1000012, 8000014, 81.0),
(9000195, 1000013, 8000000, 77.0),
(9000196, 1000013, 8000001, 79.0),
(9000197, 1000013, 8000002, 82.0),
(9000198, 1000013, 8000003, 85.0),
(9000199, 1000013, 8000004, 89.0),
(9000200, 1000013, 8000005, 99.0),
(9000201, 1000013, 8000006, 95.0),
(9000202, 1000013, 8000007, 95.0),
(9000203, 1000013, 8000008, 92.0),
(9000204, 1000013, 8000009, 79.0),
(9000205, 1000013, 8000010, 100.0),
(9000206, 1000013, 8000011, 100.0),
(9000207, 1000013, 8000012, 82.0),
(9000208, 1000013, 8000013, 99.0),
(9000209, 1000013, 8000014, 93.0),
(9000210, 1000014, 8000000, 89.0),
(9000211, 1000014, 8000001, 79.0),
(9000212, 1000014, 8000002, 77.0),
(9000213, 1000014, 8000003, 99.0),
(9000214, 1000014, 8000004, 100.0),
(9000215, 1000014, 8000005, 97.0),
(9000216, 1000014, 8000006, 88.0),
(9000217, 1000014, 8000007, 80.0),
(9000218, 1000014, 8000008, 96.0),
(9000219, 1000014, 8000009, 77.0),
(9000220, 1000014, 8000010, 88.0),
(9000221, 1000014, 8000011, 99.0),
(9000222, 1000014, 8000012, 80.0),
(9000223, 1000014, 8000013, 96.0),
(9000224, 1000014, 8000014, 98.0),
(9000225, 1000015, 8000000, 87.0),
(9000226, 1000015, 8000001, 81.0),
(9000227, 1000015, 8000002, 95.0),
(9000228, 1000015, 8000003, 90.0),
(9000229, 1000015, 8000004, 96.0),
(9000230, 1000015, 8000005, 92.0),
(9000231, 1000015, 8000006, 81.0),
(9000232, 1000015, 8000007, 100.0),
(9000233, 1000015, 8000008, 99.0),
(9000234, 1000015, 8000009, 99.0),
(9000235, 1000015, 8000010, 97.0),
(9000236, 1000015, 8000011, 99.0),
(9000237, 1000015, 8000012, 87.0),
(9000238, 1000015, 8000013, 94.0),
(9000239, 1000015, 8000014, 79.0),
(9000240, 1000016, 8000000, 100.0),
(9000241, 1000016, 8000001, 79.0),
(9000242, 1000016, 8000002, 85.0),
(9000243, 1000016, 8000003, 100.0),
(9000244, 1000016, 8000004, 96.0),
(9000245, 1000016, 8000005, 90.0),
(9000246, 1000016, 8000006, 93.0),
(9000247, 1000016, 8000007, 81.0),
(9000248, 1000016, 8000008, 93.0),
(9000249, 1000016, 8000009, 91.0),
(9000250, 1000016, 8000010, 92.0),
(9000251, 1000016, 8000011, 100.0),
(9000252, 1000016, 8000012, 94.0),
(9000253, 1000016, 8000013, 77.0),
(9000254, 1000016, 8000014, 79.0),
(9000255, 1000017, 8000000, 96.0),
(9000256, 1000017, 8000001, 87.0),
(9000257, 1000017, 8000002, 87.0),
(9000258, 1000017, 8000003, 94.0),
(9000259, 1000017, 8000004, 85.0),
(9000260, 1000017, 8000005, 78.0),
(9000261, 1000017, 8000006, 88.0),
(9000262, 1000017, 8000007, 95.0),
(9000263, 1000017, 8000008, 94.0),
(9000264, 1000017, 8000009, 89.0),
(9000265, 1000017, 8000010, 84.0),
(9000266, 1000017, 8000011, 87.0),
(9000267, 1000017, 8000012, 93.0),
(9000268, 1000017, 8000013, 99.0),
(9000269, 1000017, 8000014, 95.0),
(9000270, 1000018, 8000000, 85.0),
(9000271, 1000018, 8000001, 92.0),
(9000272, 1000018, 8000002, 89.0),
(9000273, 1000018, 8000003, 83.0),
(9000274, 1000018, 8000004, 90.0),
(9000275, 1000018, 8000005, 84.0),
(9000276, 1000018, 8000006, 90.0),
(9000277, 1000018, 8000007, 96.0),
(9000278, 1000018, 8000008, 84.0),
(9000279, 1000018, 8000009, 80.0),
(9000280, 1000018, 8000010, 91.0),
(9000281, 1000018, 8000011, 90.0),
(9000282, 1000018, 8000012, 98.0),
(9000283, 1000018, 8000013, 77.0),
(9000284, 1000018, 8000014, 89.0),
(9000285, 1000019, 8000000, 89.0),
(9000286, 1000019, 8000001, 78.0),
(9000287, 1000019, 8000002, 85.0),
(9000288, 1000019, 8000003, 91.0),
(9000289, 1000019, 8000004, 90.0),
(9000290, 1000019, 8000005, 77.0),
(9000291, 1000019, 8000006, 79.0),
(9000292, 1000019, 8000007, 85.0),
(9000293, 1000019, 8000008, 83.0),
(9000294, 1000019, 8000009, 83.0),
(9000295, 1000019, 8000010, 95.0),
(9000296, 1000019, 8000011, 96.0),
(9000297, 1000019, 8000012, 98.0),
(9000298, 1000019, 8000013, 87.0),
(9000299, 1000019, 8000014, 87.0),
(9000300, 1000020, 8000000, 100.0),
(9000301, 1000020, 8000001, 82.0),
(9000302, 1000020, 8000002, 95.0),
(9000303, 1000020, 8000003, 93.0),
(9000304, 1000020, 8000004, 87.0),
(9000305, 1000020, 8000005, 86.0),
(9000306, 1000020, 8000006, 82.0),
(9000307, 1000020, 8000007, 94.0),
(9000308, 1000020, 8000008, 78.0),
(9000309, 1000020, 8000009, 98.0),
(9000310, 1000020, 8000010, 98.0),
(9000311, 1000020, 8000011, 93.0),
(9000312, 1000020, 8000012, 83.0),
(9000313, 1000020, 8000013, 85.0),
(9000314, 1000020, 8000014, 87.0),
(9000315, 1000021, 8000000, 91.0),
(9000316, 1000021, 8000001, 98.0),
(9000317, 1000021, 8000002, 93.0),
(9000318, 1000021, 8000003, 94.0),
(9000319, 1000021, 8000004, 97.0),
(9000320, 1000021, 8000005, 98.0),
(9000321, 1000021, 8000006, 77.0),
(9000322, 1000021, 8000007, 89.0),
(9000323, 1000021, 8000008, 87.0),
(9000324, 1000021, 8000009, 92.0),
(9000325, 1000021, 8000010, 100.0),
(9000326, 1000021, 8000011, 79.0),
(9000327, 1000021, 8000012, 99.0),
(9000328, 1000021, 8000013, 95.0),
(9000329, 1000021, 8000014, 95.0),
(9000330, 1000022, 8000000, 85.0),
(9000331, 1000022, 8000001, 89.0),
(9000332, 1000022, 8000002, 96.0),
(9000333, 1000022, 8000003, 88.0),
(9000334, 1000022, 8000004, 77.0),
(9000335, 1000022, 8000005, 79.0),
(9000336, 1000022, 8000006, 94.0),
(9000337, 1000022, 8000007, 83.0),
(9000338, 1000022, 8000008, 89.0),
(9000339, 1000022, 8000009, 81.0),
(9000340, 1000022, 8000010, 88.0),
(9000341, 1000022, 8000011, 87.0),
(9000342, 1000022, 8000012, 90.0),
(9000343, 1000022, 8000013, 83.0),
(9000344, 1000022, 8000014, 84.0),
(9000345, 1000023, 8000000, 91.0),
(9000346, 1000023, 8000001, 93.0),
(9000347, 1000023, 8000002, 93.0),
(9000348, 1000023, 8000003, 92.0),
(9000349, 1000023, 8000004, 93.0),
(9000350, 1000023, 8000005, 92.0),
(9000351, 1000023, 8000006, 87.0),
(9000352, 1000023, 8000007, 94.0),
(9000353, 1000023, 8000008, 91.0),
(9000354, 1000023, 8000009, 99.0),
(9000355, 1000023, 8000010, 90.0),
(9000356, 1000023, 8000011, 99.0),
(9000357, 1000023, 8000012, 78.0),
(9000358, 1000023, 8000013, 79.0),
(9000359, 1000023, 8000014, 82.0),
(9000360, 1000024, 8000000, 78.0),
(9000361, 1000024, 8000001, 77.0),
(9000362, 1000024, 8000002, 93.0),
(9000363, 1000024, 8000003, 93.0),
(9000364, 1000024, 8000004, 80.0),
(9000365, 1000024, 8000005, 78.0),
(9000366, 1000024, 8000006, 99.0),
(9000367, 1000024, 8000007, 82.0),
(9000368, 1000024, 8000008, 96.0),
(9000369, 1000024, 8000009, 89.0),
(9000370, 1000024, 8000010, 84.0),
(9000371, 1000024, 8000011, 89.0),
(9000372, 1000024, 8000012, 79.0),
(9000373, 1000024, 8000013, 97.0),
(9000374, 1000024, 8000014, 80.0),
(9000375, 1000025, 8000000, 92.0),
(9000376, 1000025, 8000001, 89.0),
(9000377, 1000025, 8000002, 95.0),
(9000378, 1000025, 8000003, 100.0),
(9000379, 1000025, 8000004, 90.0),
(9000380, 1000025, 8000005, 79.0),
(9000381, 1000025, 8000006, 97.0),
(9000382, 1000025, 8000007, 77.0),
(9000383, 1000025, 8000008, 85.0),
(9000384, 1000025, 8000009, 82.0),
(9000385, 1000025, 8000010, 98.0),
(9000386, 1000025, 8000011, 86.0),
(9000387, 1000025, 8000012, 84.0),
(9000388, 1000025, 8000013, 79.0),
(9000389, 1000025, 8000014, 83.0),
(9000390, 1000026, 8000000, 96.0),
(9000391, 1000026, 8000001, 83.0),
(9000392, 1000026, 8000002, 93.0),
(9000393, 1000026, 8000003, 78.0),
(9000394, 1000026, 8000004, 97.0),
(9000395, 1000026, 8000005, 87.0),
(9000396, 1000026, 8000006, 85.0),
(9000397, 1000026, 8000007, 81.0),
(9000398, 1000026, 8000008, 80.0),
(9000399, 1000026, 8000009, 88.0),
(9000400, 1000026, 8000010, 80.0),
(9000401, 1000026, 8000011, 85.0),
(9000402, 1000026, 8000012, 85.0),
(9000403, 1000026, 8000013, 93.0),
(9000404, 1000026, 8000014, 91.0),
(9000405, 1000027, 8000000, 77.0),
(9000406, 1000027, 8000001, 77.0),
(9000407, 1000027, 8000002, 88.0),
(9000408, 1000027, 8000003, 80.0),
(9000409, 1000027, 8000004, 77.0),
(9000410, 1000027, 8000005, 85.0),
(9000411, 1000027, 8000006, 90.0),
(9000412, 1000027, 8000007, 84.0),
(9000413, 1000027, 8000008, 94.0),
(9000414, 1000027, 8000009, 97.0),
(9000415, 1000027, 8000010, 82.0),
(9000416, 1000027, 8000011, 88.0),
(9000417, 1000027, 8000012, 87.0),
(9000418, 1000027, 8000013, 94.0),
(9000419, 1000027, 8000014, 88.0),
(9000420, 1000028, 8000000, 94.0),
(9000421, 1000028, 8000001, 81.0),
(9000422, 1000028, 8000002, 98.0),
(9000423, 1000028, 8000003, 89.0),
(9000424, 1000028, 8000004, 87.0),
(9000425, 1000028, 8000005, 96.0),
(9000426, 1000028, 8000006, 99.0),
(9000427, 1000028, 8000007, 87.0),
(9000428, 1000028, 8000008, 84.0),
(9000429, 1000028, 8000009, 84.0),
(9000430, 1000028, 8000010, 88.0),
(9000431, 1000028, 8000011, 97.0),
(9000432, 1000028, 8000012, 85.0),
(9000433, 1000028, 8000013, 80.0),
(9000434, 1000028, 8000014, 93.0),
(9000435, 1000029, 8000000, 84.0),
(9000436, 1000029, 8000001, 93.0),
(9000437, 1000029, 8000002, 93.0),
(9000438, 1000029, 8000003, 82.0),
(9000439, 1000029, 8000004, 77.0),
(9000440, 1000029, 8000005, 94.0),
(9000441, 1000029, 8000006, 94.0),
(9000442, 1000029, 8000007, 93.0),
(9000443, 1000029, 8000008, 92.0),
(9000444, 1000029, 8000009, 93.0),
(9000445, 1000029, 8000010, 98.0),
(9000446, 1000029, 8000011, 99.0),
(9000447, 1000029, 8000012, 93.0),
(9000448, 1000029, 8000013, 87.0),
(9000449, 1000029, 8000014, 93.0);